Survey Year,UNITID,Institution Name,State CD,Classification Name,Classification Other,Sanction Code,Sanction Name,Male Undergraduates,Female Undergraduates,Total Undergraduates,Sport Code,Sport Name,# Participants Men's Team,# Participants Women's Team,# Participants Men Coed Team,# Participants Women Coed Team,Total # Participants Men's Team/Men Coed Team,Total # Participants Women's Team/Women Coed Team,Operating Expenses per Participant/Men's Team,Operating Expenses per Team/Men's Team,Operating Expenses per Participant/Women's Team,Operating Expenses per Team/Women's Team,Total Operating Expenses Men's Team and Women's Team,Operating Expenses per Participant/Men Coed Team,Operating Expenses per Team/Men Coed Team,Operating Expenses per Participant/Women Coed Team,Operating Expenses per Team/Women Coed Team,Total Operating Expenses Men Coed Team/Women Coed Team,Revenues Men's Team,Revenues Women's Team,Total Revenues For Men's Team and Women's Team,Revenues Men Coed Team,Revenues Women Coed Team,Total Revenues Men Coed Team/Women Coed Team,Total Revenues Men's Team and Men Coed Team,Total Revenues Women's Team and Women Coed Team,Total Revenues Men's Team/Women's Team and Coed Team,Expenses Men's Team,Expenses Women's Team,Total Expenses Men's Team and Women's Team,Expenses Men Coed Team,Expenses Women Coed Team,Total Expenses Men Coed Team and Women Coed Team,Total Expenses Men's Team and Men Coed Team,Total Expenses Women's Team and  Women Coed Team,Total Expenses Men's Team/Women's Team and Coed Team
2006,222178,Abilene Christian University,TX,4,,1,NCAA,1872,2273,4145,7,Football,141,,,,141,0,1016,143233,0,0,143233,,,,,,1478094,,1478094,,,,1478094,0,1478094,1450814,,1450814,,,,1450814,0,1450814
2006,100654,Alabama A & M University,AL,2,,1,NCAA,2187,2435,4622,7,Football,96,,,,96,0,3372,323719,0,0,323719,,,,,,1866286,,1866286,,,,1866286,0,1866286,1468708,,1468708,,,,1468708,0,1468708
2006,100724,Alabama State University,AL,2,,1,NCAA,1626,2313,3939,7,Football,85,,,,85,0,4762,404750,0,0,404750,,,,,,1878193,,1878193,,,,1878193,0,1878193,1878193,,1878193,,,,1878193,0,1878193
2006,175342,Alcorn State University,MS,2,,1,NCAA,1042,1634,2676,7,Football,74,,,,74,0,2642,195537,0,0,195537,,,,,,483696,,483696,,,,483696,0,483696,739070,,739070,,,,739070,0,739070
2006,197869,Appalachian State University,NC,2,,1,NCAA,6354,6088,12442,7,Football,95,,,,95,0,4293,407837,0,0,407837,,,,,,4554223,,4554223,,,,4554223,0,4554223,1968141,,1968141,,,,1968141,0,1968141
2006,104151,Arizona State University at the Tempe Campus,AZ,1,,1,NCAA,15809,16913,32722,7,Football,120,,,,120,0,30840,3700743,0,0,3700743,,,,,,23519742,,23519742,,,,23519742,0,23519742,18629486,,18629486,,,,18629486,0,18629486
2006,106458,Arkansas State University-Main Campus,AR,1,,1,NCAA,2986,4234,7220,7,Football,112,,,,112,0,6492,727079,0,0,727079,,,,,,3576338,,3576338,,,,3576338,0,3576338,3576338,,3576338,,,,3576338,0,3576338
2006,100858,Auburn University Main Campus,AL,1,,1,NCAA,9746,9150,18896,7,Football,117,,,,117,0,32582,3812104,0,0,3812104,,,,,,56830516,,56830516,,,,56830516,0,56830516,22950759,,22950759,,,,22950759,0,22950759
2006,219602,Austin Peay State University,TN,2,,1,NCAA,2339,4009,6348,7,Football,93,,,,93,0,1391,129363,0,0,129363,,,,,,898371,,898371,,,,898371,0,898371,804085,,804085,,,,804085,0,804085
2006,150136,Ball State University,IN,1,,1,NCAA,7656,9302,16958,7,Football,114,,,,114,0,7461,850561,0,0,850561,,,,,,1626206,,1626206,,,,1626206,0,1626206,4652969,,4652969,,,,4652969,0,4652969
2006,223232,Baylor University,TX,1,,1,NCAA,4476,6958,11434,7,Football,127,,,,127,0,12202,1549709,0,0,1549709,,,,,,9270595,,9270595,,,,9270595,0,9270595,9170300,,9170300,,,,9170300,0,9170300
2006,132602,Bethune Cookman College,FL,2,,1,NCAA,1309,1784,3093,7,Football,85,,,,85,0,6586,559768,0,0,559768,,,,,,3445443,,3445443,,,,3445443,0,3445443,2719377,,2719377,,,,2719377,0,2719377
2006,142115,Boise State University,ID,1,,1,NCAA,5015,5796,10811,7,Football,105,,,,105,0,32184,3379275,0,0,3379275,,,,,,12123981,,12123981,,,,12123981,0,12123981,8599515,,8599515,,,,8599515,0,8599515
2006,164924,Boston College,MA,1,,1,NCAA,4285,4734,9019,7,Football,101,,,,101,0,40566,4097183,0,0,4097183,,,,,,17452269,,17452269,,,,17452269,0,17452269,16176602,,16176602,,,,16176602,0,16176602
2006,201441,Bowling Green State University-Main Campus,OH,1,,1,NCAA,7313,8772,16085,7,Football,105,,,,105,0,5641,592355,0,0,592355,,,,,,4261871,,4261871,,,,4261871,0,4261871,3949669,,3949669,,,,3949669,0,3949669
2006,230038,Brigham Young University,UT,1,,1,NCAA,13955,13510,27465,7,Football,125,,,,125,0,14033,1754164,0,0,1754164,,,,,,10142975,,10142975,,,,10142975,0,10142975,9140943,,9140943,,,,9140943,0,9140943
2006,217156,Brown University,RI,2,,1,NCAA,2814,2984,5798,7,Football,96,,,,96,0,3547,340552,0,0,340552,,,,,,2373343,,2373343,,,,2373343,0,2373343,1334906,,1334906,,,,1334906,0,1334906
2006,217165,Bryant University,RI,4,,1,NCAA,1802,1207,3009,7,Football,106,,,,106,0,1820,192929,0,0,192929,,,,,,962051,,962051,,,,962051,0,962051,1037936,,1037936,,,,1037936,0,1037936
2006,211291,Bucknell University,PA,2,,1,NCAA,1757,1876,3633,7,Football,99,,,,99,0,2626,259994,0,0,259994,,,,,,2775674,,2775674,,,,2775674,0,2775674,2775674,,2775674,,,,2775674,0,2775674
2006,150163,Butler University,IN,2,,1,NCAA,1445,2427,3872,7,Football,91,,,,91,0,1241,112945,0,0,112945,,,,,,438737,,438737,,,,438737,0,438737,438737,,438737,,,,438737,0,438737
2006,110422,California Polytechnic State University-San Luis Obispo,CA,2,,1,NCAA,9464,7349,16813,7,Football,85,,,,85,0,4347,369495,0,0,369495,,,,,,668786,,668786,,,,668786,0,668786,2042673,,2042673,,,,2042673,0,2042673
2006,110556,California State University-Fresno,CA,1,,1,NCAA,6330,8848,15178,7,Football,106,,,,106,0,12197,1292908,0,0,1292908,,,,,,7902336,,7902336,,,,7902336,0,7902336,5905529,,5905529,,,,5905529,0,5905529
2006,110617,California State University-Sacramento,CA,2,,1,NCAA,7529,10416,17945,7,Football,83,,,,83,0,5033,417757,0,0,417757,,,,,,347998,,347998,,,,347998,0,347998,1930744,,1930744,,,,1930744,0,1930744
2006,128771,Central Connecticut State University,CT,2,,1,NCAA,3718,3745,7463,7,Football,82,,,,82,0,2549,209018,0,0,209018,,,,,,218089,,218089,,,,218089,0,218089,1266685,,1266685,,,,1266685,0,1266685
2006,169248,Central Michigan University,MI,1,,1,NCAA,8083,10248,18331,7,Football,107,,,,107,0,43388,4642543,0,0,4642543,,,,,,4465376,,4465376,,,,4465376,0,4465376,6166514,,6166514,,,,6166514,0,6166514
2006,217688,Charleston Southern University,SC,2,,1,NCAA,851,1356,2207,7,Football,90,,,,90,0,1855,166978,0,0,166978,,,,,,1966996,,1966996,,,,1966996,0,1966996,1994620,,1994620,,,,1994620,0,1994620
2006,217864,Citadel Military College of South Carolina,SC,2,,1,NCAA,1979,132,2111,7,Football,111,,,,111,0,611,67777,0,0,67777,,,,,,3504452,,3504452,,,,3504452,0,3504452,2985589,,2985589,,,,2985589,0,2985589
2006,217882,Clemson University,SC,1,,1,NCAA,7684,6488,14172,7,Football,111,,,,111,0,30393,3373586,0,0,3373586,,,,,,32029237,,32029237,,,,32029237,0,32029237,13880931,,13880931,,,,13880931,0,13880931
2006,218724,Coastal Carolina University,SC,2,,1,NCAA,2769,2949,5718,7,Football,128,,,,128,0,1076,137691,0,0,137691,,,,,,3340465,,3340465,,,,3340465,0,3340465,3340465,,3340465,,,,3340465,0,3340465
2006,190099,Colgate University,NY,2,,1,NCAA,1326,1427,2753,7,Football,91,,,,91,0,3962,360501,0,0,360501,,,,,,3713376,,3713376,,,,3713376,0,3713376,3629592,,3629592,,,,3629592,0,3629592
2006,166124,College of the Holy Cross,MA,2,,1,NCAA,1242,1548,2790,7,Football,107,,,,107,0,2443,261380,0,0,261380,,,,,,3024345,,3024345,,,,3024345,0,3024345,3024345,,3024345,,,,3024345,0,3024345
2006,231624,College of William and Mary,VA,2,,1,NCAA,3097,2637,5734,7,Football,100,,,,100,0,3925,392536,0,0,392536,,,,,,2838761,,2838761,,,,2838761,0,2838761,3272956,,3272956,,,,3272956,0,3272956
2006,126818,Colorado State University,CO,1,,1,NCAA,9843,10657,20500,7,Football,121,,,,121,0,12831,1552611,0,0,1552611,,,,,,4106247,,4106247,,,,4106247,0,4106247,6306241,,6306241,,,,6306241,0,6306241
2006,190150,Columbia University in the City of New York,NY,2,,1,NCAA,3033,4983,8016,7,Football,86,,,,86,0,6285,540502,0,0,540502,,,,,,2929218,,2929218,,,,2929218,0,2929218,2929218,,2929218,,,,2929218,0,2929218
2006,190415,Cornell University,NY,2,,1,NCAA,6908,6654,13562,7,Football,106,,,,106,0,2452,259907,0,0,259907,,,,,,1749636,,1749636,,,,1749636,0,1749636,1749636,,1749636,,,,1749636,0,1749636
2006,182670,Dartmouth College,NH,2,,1,NCAA,2141,2160,4301,7,Football,110,,,,110,0,3251,357624,0,0,357624,,,,,,1740636,,1740636,,,,1740636,0,1740636,1766754,,1766754,,,,1766754,0,1766754
2006,198385,Davidson College,NC,2,,1,NCAA,838,840,1678,7,Football,78,,,,78,0,2046,159578,0,0,159578,,,,,,625994,,625994,,,,625994,0,625994,580902,,580902,,,,580902,0,580902
2006,130934,Delaware State University,DE,2,,1,NCAA,1210,1724,2934,7,Football,81,,,,81,0,3510,284308,0,0,284308,,,,,,1488299,,1488299,,,,1488299,0,1488299,3011894,,3011894,,,,3011894,0,3011894
2006,153269,Drake University,IA,2,,1,NCAA,1306,1707,3013,7,Football,101,,,,101,0,3167,319832,0,0,319832,,,,,,200030,,200030,,,,200030,0,200030,719532,,719532,,,,719532,0,719532
2006,198419,Duke University,NC,1,,1,NCAA,3267,2977,6244,7,Football,98,,,,98,0,13276,1301073,0,0,1301073,,,,,,8966170,,8966170,,,,8966170,0,8966170,9743924,,9743924,,,,9743924,0,9743924
2006,212106,Duquesne University,PA,2,,1,NCAA,2223,3089,5312,7,Football,100,,,,100,0,2008,200791,0,0,200791,,,,,,480727,,480727,,,,480727,0,480727,480273,,480273,,,,480273,0,480273
2006,198464,East Carolina University,NC,1,,1,NCAA,6446,9386,15832,7,Football,123,,,,123,0,17045,2096592,0,0,2096592,,,,,,6712382,,6712382,,,,6712382,0,6712382,6975296,,6975296,,,,6975296,0,6975296
2006,144892,Eastern Illinois University,IL,2,,1,NCAA,4037,5255,9292,7,Football,95,,,,95,0,3252,308897,0,0,308897,,,,,,1659327,,1659327,,,,1659327,0,1659327,2065871,,2065871,,,,2065871,0,2065871
2006,156620,Eastern Kentucky University,KY,2,,1,NCAA,4350,6554,10904,7,Football,100,,,,100,0,2277,227677,0,0,227677,,,,,,645545,,645545,,,,645545,0,645545,2423653,,2423653,,,,2423653,0,2423653
2006,169798,Eastern Michigan University,MI,1,,1,NCAA,5095,7310,12405,7,Football,94,,,,94,0,5662,532228,0,0,532228,,,,,,4653129,,4653129,,,,4653129,0,4653129,3994892,,3994892,,,,3994892,0,3994892
2006,235097,Eastern Washington University,WA,2,,1,NCAA,3431,4743,8174,7,Football,82,,,,82,0,4159,341027,0,0,341027,,,,,,1918246,,1918246,,,,1918246,0,1918246,2450754,,2450754,,,,2450754,0,2450754
2006,198516,Elon University,NC,2,,1,NCAA,1951,2898,4849,7,Football,94,,,,94,0,2302,216367,0,0,216367,,,,,,290421,,290421,,,,290421,0,290421,2608135,,2608135,,,,2608135,0,2608135
2006,133650,Florida Agricultural and Mechanical University,FL,2,,1,NCAA,4909,7001,11910,7,Football,103,,,,103,0,6597,679453,0,0,679453,,,,,,1986476,,1986476,,,,1986476,0,1986476,2000141,,2000141,,,,2000141,0,2000141
2006,133669,Florida Atlantic University,FL,1,,1,NCAA,5592,7762,13354,7,Football,133,,,,133,0,6135,815897,0,0,815897,,,,,,2402510,,2402510,,,,2402510,0,2402510,3615243,,3615243,,,,3615243,0,3615243
2006,133951,Florida International University,FL,1,,1,NCAA,13040,17009,30049,7,Football,96,,,,96,0,10648,1022187,0,0,1022187,,,,,,6466113,,6466113,,,,6466113,0,6466113,5905876,,5905876,,,,5905876,0,5905876
2006,134097,Florida State University,FL,1,,1,NCAA,13513,17545,31058,7,Football,108,,,,108,0,16091,1737797,0,0,1737797,,,,,,17457519,,17457519,,,,17457519,0,17457519,9873264,,9873264,,,,9873264,0,9873264
2006,191241,Fordham University,NY,2,,1,NCAA,2387,2813,5200,7,Football,96,,,,96,0,3206,307743,0,0,307743,,,,,,4136962,,4136962,,,,4136962,0,4136962,3909353,,3909353,,,,3909353,0,3909353
2006,218070,Furman University,SC,2,,1,NCAA,1151,1491,2642,7,Football,100,,,,100,0,3819,381910,0,0,381910,,,,,,4142057,,4142057,,,,4142057,0,4142057,3846387,,3846387,,,,3846387,0,3846387
2006,198561,Gardner-Webb University,NC,2,,1,NCAA,780,1360,2140,7,Football,92,,,,92,0,2407,221481,0,0,221481,,,,,,2750888,,2750888,,,,2750888,0,2750888,2692302,,2692302,,,,2692302,0,2692302
2006,131496,Georgetown University,DC,2,,1,NCAA,2975,3383,6358,7,Football,101,,,,101,0,2552,257713,0,0,257713,,,,,,235676,,235676,,,,235676,0,235676,1522370,,1522370,,,,1522370,0,1522370
2006,139755,Georgia Institute of Technology-Main Campus,GA,1,,1,NCAA,8501,3341,11842,7,Football,111,,,,111,0,11547,1281760,0,0,1281760,,,,,,25331130,,25331130,,,,25331130,0,25331130,9397208,,9397208,,,,9397208,0,9397208
2006,139931,Georgia Southern University,GA,2,,1,NCAA,7350,7133,14483,7,Football,116,,,,116,0,3825,443690,0,0,443690,,,,,,702346,,702346,,,,702346,0,702346,2311702,,2311702,,,,2311702,0,2311702
2006,159009,Grambling State University,LA,2,,1,NCAA,1956,2628,4584,7,Football,86,,,,86,0,5864,504343,0,0,504343,,,,,,1967456,,1967456,,,,1967456,0,1967456,1967456,,1967456,,,,1967456,0,1967456
2006,232265,Hampton University,VA,2,,1,NCAA,1704,3209,4913,7,Football,80,,,,80,0,4874,389932,0,0,389932,,,,,,3060773,,3060773,,,,3060773,0,3060773,2565186,,2565186,,,,2565186,0,2565186
2006,166027,Harvard University,MA,2,,1,NCAA,3398,3317,6715,7,Football,108,,,,108,0,2629,283939,0,0,283939,,,,,,2353380,,2353380,,,,2353380,0,2353380,2353380,,2353380,,,,2353380,0,2353380
2006,131520,Howard University,DC,2,,1,NCAA,2537,4980,7517,7,Football,94,,,,94,0,4012,377133,0,0,377133,,,,,,2370030,,2370030,,,,2370030,0,2370030,2358166,,2358166,,,,2358166,0,2358166
2006,142276,Idaho State University,ID,2,,1,NCAA,3520,4212,7732,7,Football,84,,,,84,0,5856,491862,0,0,491862,,,,,,2090742,,2090742,,,,2090742,0,2090742,2090742,,2090742,,,,2090742,0,2090742
2006,145813,Illinois State University,IL,2,,1,NCAA,7690,10152,17842,7,Football,115,,,,115,0,3329,382852,0,0,382852,,,,,,1253105,,1253105,,,,1253105,0,1253105,2026583,,2026583,,,,2026583,0,2026583
2006,151324,Indiana State University,IN,2,,1,NCAA,3632,3656,7288,7,Football,95,,,,95,0,1528,145138,0,0,145138,,,,,,817869,,817869,,,,817869,0,817869,1736243,,1736243,,,,1736243,0,1736243
2006,151351,Indiana University-Bloomington,IN,1,,1,NCAA,14293,15256,29549,7,Football,110,,,,110,0,11883,1307137,0,0,1307137,,,,,,17033871,,17033871,,,,17033871,0,17033871,10180588,,10180588,,,,10180588,0,10180588
2006,191931,Iona College,NY,2,,1,NCAA,1567,1884,3451,7,Football,123,,,,123,0,705,86664,0,0,86664,,,,,,356212,,356212,,,,356212,0,356212,356212,,356212,,,,356212,0,356212
2006,153603,Iowa State University,IA,1,,1,NCAA,10750,8298,19048,7,Football,135,,,,135,0,13960,1884611,0,0,1884611,,,,,,10807280,,10807280,,,,10807280,0,10807280,10177360,,10177360,,,,10177360,0,10177360
2006,175856,Jackson State University,MS,2,,1,NCAA,2951,5305,8256,7,Football,92,,,,92,0,3632,334134,0,0,334134,,,,,,1679686,,1679686,,,,1679686,0,1679686,1679686,,1679686,,,,1679686,0,1679686
2006,101480,Jacksonville State University,AL,2,,1,NCAA,2498,3321,5819,7,Football,98,,,,98,0,3254,318861,0,0,318861,,,,,,2557217,,2557217,,,,2557217,0,2557217,2557217,,2557217,,,,2557217,0,2557217
2006,134945,Jacksonville University,FL,2,,1,NCAA,997,983,1980,7,Football,104,,,,104,0,1238,128718,0,0,128718,,,,,,578393,,578393,,,,578393,0,578393,700831,,700831,,,,700831,0,700831
2006,232423,James Madison University,VA,2,,1,NCAA,6535,10435,16970,7,Football,102,,,,102,0,4094,417615,0,0,417615,,,,,,3817914,,3817914,,,,3817914,0,3817914,3830881,,3830881,,,,3830881,0,3830881
2006,155399,Kansas State University,KS,1,,1,NCAA,8556,7954,16510,7,Football,119,,,,119,0,20340,2420518,0,0,2420518,,,,,,21730191,,21730191,,,,21730191,0,21730191,10209079,,10209079,,,,10209079,0,10209079
2006,203517,Kent State University-Kent Campus,OH,1,,1,NCAA,7429,10661,18090,7,Football,94,,,,94,0,1142,107346,0,0,107346,,,,,,2757760,,2757760,,,,2757760,0,2757760,4253652,,4253652,,,,4253652,0,4253652
2006,213385,Lafayette College,PA,2,,1,NCAA,1225,1118,2343,7,Football,98,,,,98,0,4718,462331,0,0,462331,,,,,,3219666,,3219666,,,,3219666,0,3219666,3228972,,3228972,,,,3228972,0,3228972
2006,213543,Lehigh University,PA,2,,1,NCAA,2742,1956,4698,7,Football,104,,,,104,0,3706,385394,0,0,385394,,,,,,2850778,,2850778,,,,2850778,0,2850778,2964823,,2964823,,,,2964823,0,2964823
2006,232557,Liberty University,VA,2,,1,NCAA,3940,4468,8408,7,Football,104,,,,104,0,4578,476099,0,0,476099,,,,,,5109943,,5109943,,,,5109943,0,5109943,5109943,,5109943,,,,5109943,0,5109943
2006,159391,Louisiana State University and Agricultural & Mechanical College,LA,1,,1,NCAA,12320,13389,25709,7,Football,125,,,,125,0,20726,2590800,0,0,2590800,,,,,,48141751,,48141751,,,,48141751,0,48141751,16408162,,16408162,,,,16408162,0,16408162
2006,159647,Louisiana Tech University,LA,1,,1,NCAA,3786,3292,7078,7,Football,102,,,,102,0,11709,1194307,0,0,1194307,,,,,,3152397,,3152397,,,,3152397,0,3152397,3886243,,3886243,,,,3886243,0,3886243
2006,192819,Marist College,NY,2,,1,NCAA,1854,2391,4245,7,Football,118,,,,118,0,1908,225201,0,0,225201,,,,,,515682,,515682,,,,515682,0,515682,511305,,511305,,,,511305,0,511305
2006,237525,Marshall University,WV,1,,1,NCAA,3511,4326,7837,7,Football,116,,,,116,0,11209,1300244,0,0,1300244,,,,,,6604877,,6604877,,,,6604877,0,6604877,5653832,,5653832,,,,5653832,0,5653832
2006,159717,McNeese State University,LA,8,NCAA Division I-A  (I-AA football only),8,other,2431,3474,5905,7,Football,115,,,,115,0,3431,394605,0,0,394605,,,,,,2283264,,2283264,,,,2283264,0,2283264,1649207,,1649207,,,,1649207,0,1649207
2006,204024,Miami University-Oxford,OH,1,,1,NCAA,6646,7739,14385,7,Football,105,,,,105,0,6033,633441,0,0,633441,,,,,,4819872,,4819872,,,,4819872,0,4819872,4819872,,4819872,,,,4819872,0,4819872
2006,171100,Michigan State University,MI,1,,1,NCAA,14964,17624,32588,7,Football,105,,,,105,0,23819,2500968,0,0,2500968,,,,,,40795755,,40795755,,,,40795755,0,40795755,22496400,,22496400,,,,22496400,0,22496400
2006,220978,Middle Tennessee State University,TN,1,,1,NCAA,8201,9056,17257,7,Football,121,,,,121,0,10965,1326790,0,0,1326790,,,,,,5838119,,5838119,,,,5838119,0,5838119,5838119,,5838119,,,,5838119,0,5838119
2006,176080,Mississippi State University,MS,1,,1,NCAA,6261,5436,11697,7,Football,116,,,,116,0,6256,725687,0,0,725687,,,,,,12074969,,12074969,,,,12074969,0,12074969,6419780,,6419780,,,,6419780,0,6419780
2006,176044,Mississippi Valley State University,MS,2,,1,NCAA,791,1616,2407,7,Football,90,,,,90,0,2792,251312,0,0,251312,,,,,,364340,,364340,,,,364340,0,364340,923214,,923214,,,,923214,0,923214
2006,179566,Missouri State University,MO,2,,1,NCAA,5589,7169,12758,7,Football,90,,,,90,0,2824,254139,0,0,254139,,,,,,2404590,,2404590,,,,2404590,0,2404590,2279970,,2279970,,,,2279970,0,2279970
2006,185572,Monmouth University,NJ,2,,1,NCAA,1793,2382,4175,7,Football,91,,,,91,0,2536,230789,0,0,230789,,,,,,1193778,,1193778,,,,1193778,0,1193778,1193778,,1193778,,,,1193778,0,1193778
2006,180461,Montana State University-Bozeman,MT,2,,1,NCAA,4974,4123,9097,7,Football,101,,,,101,0,6438,650189,0,0,650189,,,,,,3944164,,3944164,,,,3944164,0,3944164,3900946,,3900946,,,,3900946,0,3900946
2006,157386,Morehead State University,KY,2,,1,NCAA,2881,4663,7544,7,Football,117,,,,117,0,1625,190109,0,0,190109,,,,,,637887,,637887,,,,637887,0,637887,637887,,637887,,,,637887,0,637887
2006,163453,Morgan State University,MD,2,,1,NCAA,2942,3763,6705,7,Football,93,,,,93,0,2697,250827,0,0,250827,,,,,,1791582,,1791582,,,,1791582,0,1791582,1791582,,1791582,,,,1791582,0,1791582
2006,157401,Murray State University,KY,2,,1,NCAA,3284,4454,7738,7,Football,81,,,,81,0,3833,310467,0,0,310467,,,,,,2097087,,2097087,,,,2097087,0,2097087,2130743,,2130743,,,,2130743,0,2130743
2006,188030,New Mexico State University-Main Campus,NM,1,,1,NCAA,4573,5603,10176,7,Football,103,,,,103,0,22088,2275086,0,0,2275086,,,,,,1118277,,1118277,,,,1118277,0,1118277,4953758,,4953758,,,,4953758,0,4953758
2006,159966,Nicholls State University,LA,2,,1,NCAA,2010,2991,5001,7,Football,84,,,,84,0,2218,186337,0,0,186337,,,,,,666415,,666415,,,,666415,0,666415,1154456,,1154456,,,,1154456,0,1154456
2006,232937,Norfolk State University,VA,2,,1,NCAA,1713,2746,4459,7,Football,92,,,,92,0,1701,156453,0,0,156453,,,,,,2051625,,2051625,,,,2051625,0,2051625,1938193,,1938193,,,,1938193,0,1938193
2006,199102,North Carolina A & T State University,NC,2,,1,NCAA,4022,4345,8367,7,Football,94,,,,94,0,2687,252564,0,0,252564,,,,,,1411162,,1411162,,,,1411162,0,1411162,2070483,,2070483,,,,2070483,0,2070483
2006,199157,North Carolina Central University,NC,4,,1,NCAA,2918,5757,8675,7,Football,67,,,,67,0,2825,189246,0,0,189246,,,,,,698033,,698033,,,,698033,0,698033,1194208,,1194208,,,,1194208,0,1194208
2006,199193,North Carolina State University at Raleigh,NC,1,,1,NCAA,12011,9051,21062,7,Football,113,,,,113,0,8251,932338,0,0,932338,,,,,,18109836,,18109836,,,,18109836,0,18109836,7889885,,7889885,,,,7889885,0,7889885
2006,200332,North Dakota State University-Main Campus,ND,2,,1,NCAA,5782,4814,10596,7,Football,96,,,,96,0,7381,708621,0,0,708621,,,,,,2319938,,2319938,,,,2319938,0,2319938,2658109,,2658109,,,,2658109,0,2658109
2006,105330,Northern Arizona University,AZ,2,,1,NCAA,5014,6470,11484,7,Football,85,,,,85,0,5474,465261,0,0,465261,,,,,,2197643,,2197643,,,,2197643,0,2197643,2300728,,2300728,,,,2300728,0,2300728
2006,147703,Northern Illinois University,IL,1,,1,NCAA,8174,8768,16942,7,Football,113,,,,113,0,9903,1119009,0,0,1119009,,,,,,3361600,,3361600,,,,3361600,0,3361600,5494091,,5494091,,,,5494091,0,5494091
2006,160038,Northwestern State University of Louisiana,LA,2,,1,NCAA,1963,3422,5385,7,Football,112,,,,112,0,3126,350113,0,0,350113,,,,,,1321614,,1321614,,,,1321614,0,1321614,1758786,,1758786,,,,1758786,0,1758786
2006,147767,Northwestern University,IL,1,,1,NCAA,3777,4199,7976,7,Football,99,,,,99,0,21244,2103128,0,0,2103128,,,,,,15513675,,15513675,,,,15513675,0,15513675,11125131,,11125131,,,,11125131,0,11125131
2006,204796,Ohio State University-Main Campus,OH,1,,1,NCAA,18539,16443,34982,7,Football,104,,,,104,0,44731,4651996,0,0,4651996,,,,,,59142071,,59142071,,,,59142071,0,59142071,32538319,,32538319,,,,32538319,0,32538319
2006,204857,Ohio University-Main Campus,OH,1,,1,NCAA,8105,8457,16562,7,Football,106,,,,106,0,12181,1291225,0,0,1291225,,,,,,4445964,,4445964,,,,4445964,0,4445964,4445964,,4445964,,,,4445964,0,4445964
2006,207388,Oklahoma State University-Main Campus,OK,1,,1,NCAA,9558,9179,18737,7,Football,105,,,,105,0,17842,1873450,0,0,1873450,,,,,,20412787,,20412787,,,,20412787,0,20412787,9879701,,9879701,,,,9879701,0,9879701
2006,209542,Oregon State University,OR,1,,1,NCAA,7260,6339,13599,7,Football,112,,,,112,0,26192,2933472,0,0,2933472,,,,,,28299199,,28299199,,,,28299199,0,28299199,11740804,,11740804,,,,11740804,0,11740804
2006,214777,Pennsylvania State University-Main Campus,PA,1,,1,NCAA,20064,16548,36612,7,Football,116,,,,116,0,6989,810737,0,0,810737,,,,,,44014052,,44014052,,,,44014052,0,44014052,14609828,,14609828,,,,14609828,0,14609828
2006,209807,Portland State University,OR,2,,1,NCAA,7729,8858,16587,7,Football,95,,,,95,0,4965,471693,0,0,471693,,,,,,1406209,,1406209,,,,1406209,0,1406209,2905517,,2905517,,,,2905517,0,2905517
2006,227526,Prairie View A & M University,TX,2,,1,NCAA,1643,2286,3929,7,Football,95,,,,95,0,1742,165474,0,0,165474,,,,,,1098522,,1098522,,,,1098522,0,1098522,1098522,,1098522,,,,1098522,0,1098522
2006,218539,Presbyterian College,SC,4,,1,NCAA,551,613,1164,7,Football,85,,,,85,0,1206,102499,0,0,102499,,,,,,1730569,,1730569,,,,1730569,0,1730569,1730569,,1730569,,,,1730569,0,1730569
2006,186131,Princeton University,NJ,2,,1,NCAA,2564,2226,4790,7,Football,98,,,,98,0,4100,401765,0,0,401765,,,,,,2748660,,2748660,,,,2748660,0,2748660,1973510,,1973510,,,,1973510,0,1973510
2006,243780,Purdue University-Main Campus,IN,1,,1,NCAA,17417,12271,29688,7,Football,102,,,,102,0,31323,3194921,0,0,3194921,,,,,,25134139,,25134139,,,,25134139,0,25134139,13680599,,13680599,,,,13680599,0,13680599
2006,227757,Rice University,TX,1,,1,NCAA,1538,1457,2995,7,Football,98,,,,98,0,1349,132175,0,0,132175,,,,,,9553283,,9553283,,,,9553283,0,9553283,9123433,,9123433,,,,9123433,0,9123433
2006,215655,Robert Morris University,PA,2,,1,NCAA,1882,1450,3332,7,Football,108,,,,108,0,735,79327,0,0,79327,,,,,,825718,,825718,,,,825718,0,825718,825718,,825718,,,,825718,0,825718
2006,186380,Rutgers University-New Brunswick/Piscataway,NJ,1,,1,NCAA,12300,12177,24477,7,Football,114,,,,114,0,42543,4849860,0,0,4849860,,,,,,15643682,,15643682,,,,15643682,0,15643682,15643682,,15643682,,,,15643682,0,15643682
2006,130253,Sacred Heart University,CT,2,,1,NCAA,1337,2069,3406,7,Football,93,,,,93,0,1220,113459,0,0,113459,,,,,,938944,,938944,,,,938944,0,938944,938944,,938944,,,,938944,0,938944
2006,215743,Saint Francis University,PA,2,,1,NCAA,541,835,1376,7,Football,101,,,,101,0,1601,161742,0,0,161742,,,,,,1064476,,1064476,,,,1064476,0,1064476,1064476,,1064476,,,,1064476,0,1064476
2006,227881,Sam Houston State University,TX,2,,1,NCAA,4856,6989,11845,7,Football,103,,,,103,0,1947,200507,0,0,200507,,,,,,796776,,796776,,,,796776,0,796776,1586695,,1586695,,,,1586695,0,1586695
2006,102049,Samford University,AL,2,,1,NCAA,1038,1824,2862,7,Football,81,,,,81,0,3239,262362,0,0,262362,,,,,,3135011,,3135011,,,,3135011,0,3135011,2935753,,2935753,,,,2935753,0,2935753
2006,122409,San Diego State University,CA,1,,1,NCAA,9803,13426,23229,7,Football,122,,,,122,0,12374,1509619,0,0,1509619,,,,,,4508597,,4508597,,,,4508597,0,4508597,7523295,,7523295,,,,7523295,0,7523295
2006,122755,San Jose State University,CA,1,,1,NCAA,10457,12276,22733,7,Football,105,,,,105,0,16780,1761897,0,0,1761897,,,,,,4308283,,4308283,,,,4308283,0,4308283,4845310,,4845310,,,,4845310,0,4845310
2006,140960,Savannah State University,GA,2,,1,NCAA,1221,1498,2719,7,Football,78,,,,78,0,4868,379719,0,0,379719,,,,,,678521,,678521,,,,678521,0,678521,569199,,569199,,,,569199,0,569199
2006,218733,South Carolina State University,SC,2,,1,NCAA,1639,2249,3888,7,Football,111,,,,111,0,5235,581129,0,0,581129,,,,,,2665437,,2665437,,,,2665437,0,2665437,2665437,,2665437,,,,2665437,0,2665437
2006,219356,South Dakota State University,SD,4,,1,NCAA,4121,3757,7878,7,Football,88,,,,88,0,6605,581236,0,0,581236,,,,,,498499,,498499,,,,498499,0,498499,1271101,,1271101,,,,1271101,0,1271101
2006,179557,Southeast Missouri State University,MO,2,,1,NCAA,2715,3944,6659,7,Football,83,,,,83,0,2092,173622,0,0,173622,,,,,,1197717,,1197717,,,,1197717,0,1197717,1839226,,1839226,,,,1839226,0,1839226
2006,160612,Southeastern Louisiana University,LA,2,,1,NCAA,4352,6932,11284,7,Football,90,,,,90,0,4971,447381,0,0,447381,,,,,,1436245,,1436245,,,,1436245,0,1436245,1886082,,1886082,,,,1886082,0,1886082
2006,149222,Southern Illinois University Carbondale,IL,2,,1,NCAA,8049,6117,14166,7,Football,99,,,,99,0,4705,465772,0,0,465772,,,,,,1042942,,1042942,,,,1042942,0,1042942,2847945,,2847945,,,,2847945,0,2847945
2006,228246,Southern Methodist University,TX,1,,1,NCAA,2934,3555,6489,7,Football,138,,,,138,0,9103,1256152,0,0,1256152,,,,,,8678120,,8678120,,,,8678120,0,8678120,8678123,,8678123,,,,8678123,0,8678123
2006,160621,Southern University and A & M College,LA,2,,1,NCAA,2580,4026,6606,7,Football,98,,,,98,0,7247,710191,0,0,710191,,,,,,2875879,,2875879,,,,2875879,0,2875879,1400879,,1400879,,,,1400879,0,1400879
2006,230603,Southern Utah University,UT,2,,1,NCAA,2923,4097,7020,7,Football,107,,,,107,0,2391,255850,0,0,255850,,,,,,745656,,745656,,,,745656,0,745656,1339418,,1339418,,,,1339418,0,1339418
2006,243744,Stanford University,CA,1,,1,NCAA,3449,3240,6689,7,Football,104,,,,104,0,29017,3017787,0,0,3017787,,,,,,12927407,,12927407,,,,12927407,0,12927407,12892487,,12892487,,,,12892487,0,12892487
2006,228431,Stephen F Austin State University,TX,2,,1,NCAA,4098,6060,10158,7,Football,106,,,,106,0,4300,455838,0,0,455838,,,,,,2165715,,2165715,,,,2165715,0,2165715,2165715,,2165715,,,,2165715,0,2165715
2006,196097,Stony Brook University,NY,2,,1,NCAA,7351,7499,14850,7,Football,68,,,,68,0,1943,132144,0,0,132144,,,,,,959651,,959651,,,,959651,0,959651,2151590,,2151590,,,,2151590,0,2151590
2006,196060,SUNY at Albany,NY,2,,1,NCAA,6101,5981,12082,7,Football,91,,,,91,0,2385,217001,0,0,217001,,,,,,926067,,926067,,,,926067,0,926067,1148826,,1148826,,,,1148826,0,1148826
2006,196088,SUNY at Buffalo,NY,1,,1,NCAA,9486,8031,17517,7,Football,92,,,,92,0,12222,1124379,0,0,1124379,,,,,,4551896,,4551896,,,,4551896,0,4551896,4551896,,4551896,,,,4551896,0,4551896
2006,196413,Syracuse University,NY,1,,1,NCAA,5367,6777,12144,7,Football,106,,,,106,0,22016,2333646,0,0,2333646,,,,,,14866061,,14866061,,,,14866061,0,14866061,15023146,,15023146,,,,15023146,0,15023146
2006,216339,Temple University,PA,1,,1,NCAA,9584,11799,21383,7,Football,125,,,,125,0,11241,1405064,0,0,1405064,,,,,,8717771,,8717771,,,,8717771,0,8717771,8717771,,8717771,,,,8717771,0,8717771
2006,221838,Tennessee State University,TN,2,,1,NCAA,2507,4605,7112,7,Football,98,,,,98,0,2886,282801,0,0,282801,,,,,,3786817,,3786817,,,,3786817,0,3786817,2973869,,2973869,,,,2973869,0,2973869
2006,221847,Tennessee Technological University,TN,2,,1,NCAA,4071,3498,7569,7,Football,103,,,,103,0,3349,344930,0,0,344930,,,,,,261379,,261379,,,,261379,0,261379,1832569,,1832569,,,,1832569,0,1832569
2006,228723,Texas A & M University,TX,1,,1,NCAA,18873,17707,36580,7,Football,154,,,,154,0,28107,4328411,0,0,4328411,,,,,,37123296,,37123296,,,,37123296,0,37123296,16619256,,16619256,,,,16619256,0,16619256
2006,228875,Texas Christian University,TX,1,,1,NCAA,2966,4301,7267,7,Football,128,,,,128,0,16754,2144479,0,0,2144479,,,,,,13257717,,13257717,,,,13257717,0,13257717,13257717,,13257717,,,,13257717,0,13257717
2006,229063,Texas Southern University,TX,2,,1,NCAA,3243,4496,7739,7,Football,85,,,,85,0,2683,228016,0,0,228016,,,,,,1529629,,1529629,,,,1529629,0,1529629,1853987,,1853987,,,,1853987,0,1853987
2006,228459,Texas State University-San Marcos,TX,2,,1,NCAA,8315,10157,18472,7,Football,112,,,,112,0,4236,474461,0,0,474461,,,,,,639253,,639253,,,,639253,0,639253,2346453,,2346453,,,,2346453,0,2346453
2006,229115,Texas Tech University,TX,1,,1,NCAA,12605,10234,22839,7,Football,124,,,,124,0,18267,2265142,0,0,2265142,,,,,,20827440,,20827440,,,,20827440,0,20827440,18466180,,18466180,,,,18466180,0,18466180
2006,100751,The University of Alabama,AL,1,,1,NCAA,8341,9443,17784,7,Football,129,,,,129,0,21897,2824652,0,0,2824652,,,,,,53182806,,53182806,,,,53182806,0,53182806,21340593,,21340593,,,,21340593,0,21340593
2006,180489,The University of Montana,MT,2,,1,NCAA,4510,5206,9716,7,Football,120,,,,120,0,10441,1252907,0,0,1252907,,,,,,7466499,,7466499,,,,7466499,0,7466499,4979042,,4979042,,,,4979042,0,4979042
2006,221759,The University of Tennessee,TN,1,,1,NCAA,9194,9545,18739,7,Football,137,,,,137,0,20851,2856545,0,0,2856545,,,,,,31193706,,31193706,,,,31193706,0,31193706,13903184,,13903184,,,,13903184,0,13903184
2006,221740,The University of Tennessee at Chattanooga,TN,2,,1,NCAA,2567,3601,6168,7,Football,129,,,,129,0,3095,399192,0,0,399192,,,,,,2580009,,2580009,,,,2580009,0,2580009,2580009,,2580009,,,,2580009,0,2580009
2006,221768,The University of Tennessee-Martin,TN,2,,1,NCAA,2259,2829,5088,7,Football,95,,,,95,0,2159,205149,0,0,205149,,,,,,1834669,,1834669,,,,1834669,0,1834669,1895423,,1895423,,,,1895423,0,1895423
2006,228778,The University of Texas at Austin,TX,1,,1,NCAA,15689,17374,33063,7,Football,114,,,,114,0,40488,4615648,0,0,4615648,,,,,,63798068,,63798068,,,,63798068,0,63798068,17565006,,17565006,,,,17565006,0,17565006
2006,228796,The University of Texas at El Paso,TX,1,,1,NCAA,7430,9131,16561,7,Football,103,,,,103,0,19188,1976341,0,0,1976341,,,,,,8157860,,8157860,,,,8157860,0,8157860,6479397,,6479397,,,,6479397,0,6479397
2006,164076,Towson University,MD,2,,1,NCAA,5230,8309,13539,7,Football,113,,,,113,0,2777,313791,0,0,313791,,,,,,607227,,607227,,,,607227,0,607227,2317247,,2317247,,,,2317247,0,2317247
2006,102368,Troy University,AL,1,,1,NCAA,9026,11043,20069,7,Football,162,,,,162,0,4259,690022,0,0,690022,,,,,,3879598,,3879598,,,,3879598,0,3879598,3790663,,3790663,,,,3790663,0,3790663
2006,160755,Tulane University of Louisiana,LA,1,,1,NCAA,2556,2662,5218,7,Football,106,,,,106,0,26047,2761000,0,0,2761000,,,,,,6871440,,6871440,,,,6871440,0,6871440,7535440,,7535440,,,,7535440,0,7535440
2006,200800,University of Akron Main Campus,OH,1,,1,NCAA,5756,6068,11824,7,Football,102,,,,102,0,14996,1529605,0,0,1529605,,,,,,1331447,,1331447,,,,1331447,0,1331447,4640002,,4640002,,,,4640002,0,4640002
2006,100663,University of Alabama at Birmingham,AL,1,,1,NCAA,4243,6510,10753,7,Football,125,,,,125,0,6839,854837,0,0,854837,,,,,,6348331,,6348331,,,,6348331,0,6348331,6201708,,6201708,,,,6201708,0,6201708
2006,104179,University of Arizona,AZ,1,,1,NCAA,13510,14932,28442,7,Football,102,,,,102,0,19715,2010921,0,0,2010921,,,,,,17489510,,17489510,,,,17489510,0,17489510,9161561,,9161561,,,,9161561,0,9161561
2006,106412,University of Arkansas at Pine Bluff,AR,2,,1,NCAA,1397,1834,3231,7,Football,74,,,,74,0,911,67394,0,0,67394,,,,,,1324781,,1324781,,,,1324781,0,1324781,1473266,,1473266,,,,1473266,0,1473266
2006,106397,University of Arkansas Main Campus,AR,1,,1,NCAA,6333,6155,12488,7,Football,121,,,,121,0,30605,3703201,0,0,3703201,,,,,,42056467,,42056467,,,,42056467,0,42056467,22805114,,22805114,,,,22805114,0,22805114
2006,110635,University of California-Berkeley,CA,1,,1,NCAA,10981,12882,23863,7,Football,114,,,,114,0,38684,4409967,0,0,4409967,,,,,,26001075,,26001075,,,,26001075,0,26001075,17283717,,17283717,,,,17283717,0,17283717
2006,110644,University of California-Davis,CA,4,,1,NCAA,10257,12734,22991,7,Football,100,,,,100,0,3850,385034,0,0,385034,,,,,,682662,,,,,,682662,0,0,2224849,,2224849,,,,2224849,0,2224849
2006,110662,University of California-Los Angeles,CA,1,,1,NCAA,11103,14329,25432,7,Football,111,,,,111,0,40128,4454238,0,0,4454238,,,,,,23539593,,23539593,,,,23539593,0,23539593,16872615,,16872615,,,,16872615,0,16872615
2006,106704,University of Central Arkansas,AR,2,,1,NCAA,4028,5432,9460,7,Football,112,,,,112,0,4116,460998,0,0,460998,,,,,,1949327,,1949327,,,,1949327,0,1949327,1949327,,1949327,,,,1949327,0,1949327
2006,132903,University of Central Florida,FL,1,,1,NCAA,13603,16304,29907,7,Football,111,,,,111,0,17126,1900953,0,0,1900953,,,,,,4293022,,4293022,,,,4293022,0,4293022,3733457,,3733457,,,,3733457,0,3733457
2006,201885,University of Cincinnati-Main Campus,OH,1,,1,NCAA,8509,7841,16350,7,Football,105,,,,105,0,11812,1240297,0,0,1240297,,,,,,8162664,,8162664,,,,8162664,0,8162664,7774009,,7774009,,,,7774009,0,7774009
2006,126614,University of Colorado at Boulder,CO,1,,1,NCAA,12975,11509,24484,7,Football,105,,,,105,0,26735,2807169,0,0,2807169,,,,,,23101126,,23101126,,,,23101126,0,23101126,11449737,,11449737,,,,11449737,0,11449737
2006,129020,University of Connecticut,CT,1,,1,NCAA,7158,8038,15196,7,Football,103,,,,103,0,43448,4475098,0,0,4475098,,,,,,11976959,,11976959,,,,11976959,0,11976959,11726917,,11726917,,,,11726917,0,11726917
2006,202480,University of Dayton,OH,2,,1,NCAA,3464,3461,6925,7,Football,122,,,,122,0,2254,275010,0,0,275010,,,,,,428350,,428350,,,,428350,0,428350,825443,,825443,,,,825443,0,825443
2006,130943,University of Delaware,DE,2,,1,NCAA,6375,8836,15211,7,Football,108,,,,108,0,4146,447774,0,0,447774,,,,,,5531893,,5531893,,,,5531893,0,5531893,4020557,,4020557,,,,4020557,0,4020557
2006,134130,University of Florida,FL,1,,1,NCAA,14525,17217,31742,7,Football,126,,,,126,0,52827,6656192,0,0,6656192,,,,,,58904976,,58904976,,,,58904976,0,58904976,20691405,,20691405,,,,20691405,0,20691405
2006,139959,University of Georgia,GA,1,,1,NCAA,11011,14426,25437,7,Football,134,,,,134,0,32180,4312118,0,0,4312118,,,,,,59516939,,59516939,,,,59516939,0,59516939,16372291,,16372291,,,,16372291,0,16372291
2006,141574,University of Hawaii at Manoa,HI,1,,1,NCAA,5154,6319,11473,7,Football,117,,,,117,0,18601,2176307,0,0,2176307,,,,,,7533652,,7533652,,,,7533652,0,7533652,7033664,,7033664,,,,7033664,0,7033664
2006,225511,University of Houston,TX,1,,1,NCAA,9237,10315,19552,7,Football,118,,,,118,0,6146,725180,0,0,725180,,,,,,6925282,,6925282,,,,6925282,0,6925282,6925282,,6925282,,,,6925282,0,6925282
2006,142285,University of Idaho,ID,1,,1,NCAA,4325,3602,7927,7,Football,125,,,,125,0,8341,1042687,0,0,1042687,,,,,,4885021,,4885021,,,,4885021,0,4885021,3848177,,3848177,,,,3848177,0,3848177
2006,145637,University of Illinois at Urbana-Champaign,IL,1,,1,NCAA,16041,14534,30575,7,Football,106,,,,106,0,16507,1749692,0,0,1749692,,,,,,20764472,,20764472,,,,20764472,0,20764472,9371073,,9371073,,,,9371073,0,9371073
2006,153658,University of Iowa,IA,1,,1,NCAA,9541,10759,20300,7,Football,129,,,,129,0,32546,4198489,0,0,4198489,,,,,,45335026,,45335026,,,,45335026,0,45335026,28851512,,28851512,,,,28851512,0,28851512
2006,155317,University of Kansas Main Campus,KS,1,,1,NCAA,9237,9339,18576,7,Football,126,,,,126,0,9672,1218631,0,0,1218631,,,,,,11258985,,11258985,,,,11258985,0,11258985,9869815,,9869815,,,,9869815,0,9869815
2006,157085,University of Kentucky,KY,1,,1,NCAA,8450,8975,17425,7,Football,129,,,,129,0,10960,1413815,0,0,1413815,,,,,,21898082,,21898082,,,,21898082,0,21898082,10155979,,10155979,,,,10155979,0,10155979
2006,160658,University of Louisiana at Lafayette,LA,1,,1,NCAA,6267,8664,14931,7,Football,110,,,,110,0,3272,359872,0,0,359872,,,,,,3043713,,3043713,,,,3043713,0,3043713,3100921,,3100921,,,,3100921,0,3100921
2006,159993,University of Louisiana at Monroe,LA,1,,1,NCAA,2190,3721,5911,7,Football,115,,,,115,0,4937,567714,0,0,567714,,,,,,3593026,,3593026,,,,3593026,0,3593026,2652273,,2652273,,,,2652273,0,2652273
2006,157289,University of Louisville,KY,1,,1,NCAA,7138,7965,15103,7,Football,117,,,,117,0,26395,3088212,0,0,3088212,,,,,,19023605,,19023605,,,,19023605,0,19023605,13615991,,13615991,,,,13615991,0,13615991
2006,161253,University of Maine,ME,2,,1,NCAA,3847,3705,7552,7,Football,77,,,,77,0,5282,406750,0,0,406750,,,,,,2970988,,2970988,,,,2970988,0,2970988,2734348,,2734348,,,,2734348,0,2734348
2006,166629,University of Massachusetts-Amherst,MA,2,,1,NCAA,9480,9149,18629,7,Football,96,,,,96,0,6832,655856,0,0,655856,,,,,,3802745,,3802745,,,,3802745,0,3802745,3802745,,3802745,,,,3802745,0,3802745
2006,220862,University of Memphis,TN,1,,1,NCAA,6222,9762,15984,7,Football,109,,,,109,0,7592,827478,0,0,827478,,,,,,6457912,,6457912,,,,6457912,0,6457912,6457912,,6457912,,,,6457912,0,6457912
2006,135726,University of Miami,FL,1,,1,NCAA,4376,5298,9674,7,Football,104,,,,104,0,21564,2242613,0,0,2242613,,,,,,20769443,,20769443,,,,20769443,0,20769443,18012074,,18012074,,,,18012074,0,18012074
2006,170976,University of Michigan-Ann Arbor,MI,1,,1,NCAA,12218,12413,24631,7,Football,112,,,,112,0,35725,4001171,0,0,4001171,,,,,,50982629,,50982629,,,,50982629,0,50982629,14750836,,14750836,,,,14750836,0,14750836
2006,174066,University of Minnesota-Twin Cities,MN,1,,1,NCAA,13389,15127,28516,7,Football,108,,,,108,0,16340,1764696,0,0,1764696,,,,,,17390376,,17390376,,,,17390376,0,17390376,8304534,,8304534,,,,8304534,0,8304534
2006,176017,University of Mississippi Main Campus,MS,1,,1,NCAA,6017,6665,12682,7,Football,111,,,,111,0,8541,948012,0,0,948012,,,,,,17581209,,17581209,,,,17581209,0,17581209,7027228,,7027228,,,,7027228,0,7027228
2006,178396,University of Missouri-Columbia,MO,1,,1,NCAA,9613,10320,19933,7,Football,109,,,,109,0,18727,2041222,0,0,2041222,,,,,,15284731,,15284731,,,,15284731,0,15284731,9329395,,9329395,,,,9329395,0,9329395
2006,181464,University of Nebraska at Lincoln,NE,1,,1,NCAA,8339,7429,15768,7,Football,135,,,,135,0,17514,2364432,0,0,2364432,,,,,,26264849,,26264849,,,,26264849,0,26264849,13834134,,13834134,,,,13834134,0,13834134
2006,182281,University of Nevada-Las Vegas,NV,1,,1,NCAA,6873,8950,15823,7,Football,115,,,,115,0,11222,1290503,0,0,1290503,,,,,,2768426,,2768426,,,,2768426,0,2768426,5973689,,5973689,,,,5973689,0,5973689
2006,182290,University of Nevada-Reno,NV,1,,1,NCAA,5624,6780,12404,7,Football,113,,,,113,0,13421,1516537,0,0,1516537,,,,,,4446166,,4446166,,,,4446166,0,4446166,5127316,,5127316,,,,5127316,0,5127316
2006,183044,University of New Hampshire-Main Campus,NH,2,,1,NCAA,4670,6244,10914,7,Football,92,,,,92,0,4131,380016,0,0,380016,,,,,,2152404,,2152404,,,,2152404,0,2152404,3079022,,3079022,,,,3079022,0,3079022
2006,187985,University of New Mexico-Main Campus,NM,1,,1,NCAA,6237,8515,14752,7,Football,123,,,,123,0,11112,1366822,0,0,1366822,,,,,,3265057,,3265057,,,,3265057,0,3265057,5716739,,5716739,,,,5716739,0,5716739
2006,101879,University of North Alabama,AL,4,,1,NCAA,1955,2489,4444,7,Football,129,,,,129,0,1656,213650,0,0,213650,,,,,,1233563,,1233563,,,,1233563,0,1233563,1233563,,1233563,,,,1233563,0,1233563
2006,199120,University of North Carolina at Chapel Hill,NC,1,,1,NCAA,6940,9900,16840,7,Football,128,,,,128,0,12798,1638098,0,0,1638098,,,,,,18147854,,18147854,,,,18147854,0,18147854,15097818,,15097818,,,,15097818,0,15097818
2006,200280,University of North Dakota,ND,4,,1,NCAA,6663,6170,12833,7,Football,106,,,,106,0,8755,928046,0,0,928046,,,,,,838670,,838670,,,,838670,0,838670,1426776,,1426776,,,,1426776,0,1426776
2006,227216,University of North Texas,TX,1,,1,NCAA,13577,16605,30182,7,Football,119,,,,119,0,9036,1075303,0,0,1075303,,,,,,1433107,,1433107,,,,1433107,0,1433107,4219719,,4219719,,,,4219719,0,4219719
2006,127741,University of Northern Colorado,CO,2,,1,NCAA,4528,6254,10782,7,Football,100,,,,100,0,3063,306315,0,0,306315,,,,,,1459941,,1459941,,,,1459941,0,1459941,1659001,,1659001,,,,1659001,0,1659001
2006,154095,University of Northern Iowa,IA,2,,1,NCAA,4235,5653,9888,7,Football,103,,,,103,0,3866,398227,0,0,398227,,,,,,2084851,,2084851,,,,2084851,0,2084851,2851741,,2851741,,,,2851741,0,2851741
2006,152080,University of Notre Dame,IN,1,,1,NCAA,4454,3884,8338,7,Football,107,,,,107,0,39280,4202954,0,0,4202954,,,,,,63675034,,63675034,,,,63675034,0,63675034,17842288,,17842288,,,,17842288,0,17842288
2006,207500,University of Oklahoma Norman Campus,OK,1,,1,NCAA,8338,8066,16404,7,Football,125,,,,125,0,43738,5467255,0,0,5467255,,,,,,37263255,,37263255,,,,37263255,0,37263255,18790701,,18790701,,,,18790701,0,18790701
2006,209551,University of Oregon,OR,1,,1,NCAA,7064,7885,14949,7,Football,103,,,,103,0,35417,3647982,0,0,3647982,,,,,,21495626,,21495626,,,,21495626,0,21495626,12641511,,12641511,,,,12641511,0,12641511
2006,215062,University of Pennsylvania,PA,2,,1,NCAA,4971,5124,10095,7,Football,105,,,,105,0,3669,385290,0,0,385290,,,,,,2017225,,2017225,,,,2017225,0,2017225,1571161,,1571161,,,,1571161,0,1571161
2006,215293,University of Pittsburgh-Main Campus,PA,1,,1,NCAA,7565,7796,15361,7,Football,112,,,,112,0,20477,2293370,0,0,2293370,,,,,,17545348,,17545348,,,,17545348,0,17545348,12253716,,12253716,,,,12253716,0,12253716
2006,217484,University of Rhode Island,RI,2,,1,NCAA,5185,6690,11875,7,Football,89,,,,89,0,3576,318259,0,0,318259,,,,,,3181154,,3181154,,,,3181154,0,3181154,3220529,,3220529,,,,3220529,0,3220529
2006,233374,University of Richmond,VA,2,,1,NCAA,1834,1829,3663,7,Football,92,,,,92,0,4850,446208,0,0,446208,,,,,,3997417,,3997417,,,,3997417,0,3997417,3997417,,3997417,,,,3997417,0,3997417
2006,122436,University of San Diego,CA,2,,1,NCAA,1982,2980,4962,7,Football,98,,,,98,0,3448,337872,0,0,337872,,,,,,1422421,,1422421,,,,1422421,0,1422421,1155755,,1155755,,,,1155755,0,1155755
2006,218663,University of South Carolina-Columbia,SC,1,,1,NCAA,7544,9185,16729,7,Football,107,,,,107,0,12399,1326733,0,0,1326733,,,,,,41275362,,41275362,,,,41275362,0,41275362,12423602,,12423602,,,,12423602,0,12423602
2006,219471,University of South Dakota,SD,4,,1,NCAA,1896,2456,4352,7,Football,95,,,,95,0,2528,240133,0,0,240133,,,,,,1063972,,1063972,,,,1063972,0,1063972,1375856,,1375856,,,,1375856,0,1375856
2006,137351,University of South Florida,FL,1,,1,NCAA,9906,14308,24214,7,Football,111,,,,111,0,13976,1551382,0,0,1551382,,,,,,9289982,,,,,,9289982,0,0,7611436,,7611436,,,,7611436,0,7611436
2006,123961,University of Southern California,CA,1,,1,NCAA,8310,8419,16729,7,Football,109,,,,109,0,55397,6038327,0,0,6038327,,,,,,31705207,,31705207,,,,31705207,0,31705207,18699944,,18699944,,,,18699944,0,18699944
2006,176372,University of Southern Mississippi,MS,1,,1,NCAA,5663,8759,14422,7,Football,122,,,,122,0,10570,1289554,0,0,1289554,,,,,,7221086,,7221086,,,,7221086,0,7221086,4460544,,4460544,,,,4460544,0,4460544
2006,206084,University of Toledo-Main Campus,OH,1,,1,NCAA,7351,6964,14315,7,Football,112,,,,112,0,7660,857899,0,0,857899,,,,,,1601476,,1601476,,,,1601476,0,1601476,4568762,,4568762,,,,4568762,0,4568762
2006,207971,University of Tulsa,OK,1,,1,NCAA,1382,1330,2712,7,Football,105,,,,105,0,12617,1324801,0,0,1324801,,,,,,5015376,,5015376,,,,5015376,0,5015376,8670055,,8670055,,,,8670055,0,8670055
2006,230764,University of Utah,UT,1,,1,NCAA,8351,6671,15022,7,Football,118,,,,118,0,26055,3074507,0,0,3074507,,,,,,11184198,,11184198,,,,11184198,0,11184198,8163679,,8163679,,,,8163679,0,8163679
2006,234076,University of Virginia-Main Campus,VA,1,,1,NCAA,6029,7122,13151,7,Football,108,,,,108,0,22309,2409363,0,0,2409363,,,,,,14213380,,14213380,,,,14213380,0,14213380,17145138,,17145138,,,,17145138,0,17145138
2006,236948,University of Washington-Seattle Campus,WA,1,,1,NCAA,13412,14424,27836,7,Football,90,,,,90,0,40230,3620719,0,0,3620719,,,,,,33694962,,33694962,,,,33694962,0,33694962,13765662,,13765662,,,,13765662,0,13765662
2006,240444,University of Wisconsin-Madison,WI,1,,1,NCAA,12714,14505,27219,7,Football,120,,,,120,0,33874,4064833,0,0,4064833,,,,,,34105991,,34105991,,,,34105991,0,34105991,19771064,,19771064,,,,19771064,0,19771064
2006,240727,University of Wyoming,WY,1,,1,NCAA,3868,3568,7436,7,Football,107,,,,107,0,6650,711586,0,0,711586,,,,,,6598307,,6598307,,,,6598307,0,6598307,4430217,,4430217,,,,4430217,0,4430217
2006,230728,Utah State University,UT,1,,1,NCAA,5386,5285,10671,7,Football,116,,,,116,0,8268,959031,0,0,959031,,,,,,1442827,,1442827,,,,1442827,0,1442827,2106989,,2106989,,,,2106989,0,2106989
2006,152600,Valparaiso University,IN,2,,1,NCAA,1369,1444,2813,7,Football,113,,,,113,0,1108,125182,0,0,125182,,,,,,457019,,457019,,,,457019,0,457019,504103,,504103,,,,504103,0,504103
2006,221999,Vanderbilt University,TN,1,,1,NCAA,3055,3323,6378,7,Football,105,,,,105,0,12263,1287649,0,0,1287649,,,,,,15219537,,15219537,,,,15219537,0,15219537,13382699,,13382699,,,,13382699,0,13382699
2006,216597,Villanova University,PA,2,,1,NCAA,3118,3226,6344,7,Football,92,,,,92,0,6374,586383,0,0,586383,,,,,,960789,,960789,,,,960789,0,960789,4164213,,4164213,,,,4164213,0,4164213
2006,234085,Virginia Military Institute,VA,1,,1,NCAA,1265,104,1369,7,Football,91,,,,91,0,2951,268536,0,0,268536,,,,,,1396473,,1396473,,,,1396473,0,1396473,2147661,,2147661,,,,2147661,0,2147661
2006,233921,Virginia Polytechnic Institute and State University,VA,1,,1,NCAA,12483,8990,21473,7,Football,133,,,,133,0,19384,2578121,0,0,2578121,,,,,,40634499,,40634499,,,,40634499,0,40634499,26179089,,26179089,,,,26179089,0,26179089
2006,197197,Wagner College,NY,2,,1,NCAA,692,1200,1892,7,Football,89,,,,89,0,3175,282551,0,0,282551,,,,,,1639920,,1639920,,,,1639920,0,1639920,1612102,,1612102,,,,1612102,0,1612102
2006,199847,Wake Forest University,NC,1,,1,NCAA,2136,2196,4332,7,Football,102,,,,102,0,10309,1051546,0,0,1051546,,,,,,12114647,,12114647,,,,12114647,0,12114647,10142491,,10142491,,,,10142491,0,10142491
2006,236939,Washington State University,WA,1,,1,NCAA,7442,6609,14051,7,Football,118,,,,118,0,15581,1838609,0,0,1838609,,,,,,10466370,,10466370,,,,10466370,0,10466370,7533545,,7533545,,,,7533545,0,7533545
2006,230782,Weber State University,UT,2,,1,NCAA,5258,4888,10146,7,Football,94,,,,94,0,3170,298003,0,0,298003,,,,,,1567947,,1567947,,,,1567947,0,1567947,1567947,,1567947,,,,1567947,0,1567947
2006,238032,West Virginia University,WV,1,,1,NCAA,11187,9403,20590,7,Football,149,,,,149,0,26670,3973840,0,0,3973840,,,,,,25174217,,25174217,,,,25174217,0,25174217,13810787,,13810787,,,,13810787,0,13810787
2006,200004,Western Carolina University,NC,2,,1,NCAA,3424,3722,7146,7,Football,90,,,,90,0,2825,254264,0,0,254264,,,,,,1213861,,1213861,,,,1213861,0,1213861,1710965,,1710965,,,,1710965,0,1710965
2006,149772,Western Illinois University,IL,2,,1,NCAA,5339,4659,9998,7,Football,98,,,,98,0,2951,289188,0,0,289188,,,,,,1866779,,1866779,,,,1866779,0,1866779,1866779,,1866779,,,,1866779,0,1866779
2006,157951,Western Kentucky University,KY,2,,1,NCAA,6758,9309,16067,7,Football,107,,,,107,0,2424,259349,0,0,259349,,,,,,2796724,,2796724,,,,2796724,0,2796724,2796724,,2796724,,,,2796724,0,2796724
2006,172699,Western Michigan University,MI,1,,1,NCAA,9236,9513,18749,7,Football,105,,,,105,0,7745,813266,0,0,813266,,,,,,1841527,,1841527,,,,1841527,0,1841527,4054783,,4054783,,,,4054783,0,4054783
2006,218973,Wofford College,SC,2,,1,NCAA,606,570,1176,7,Football,88,,,,88,0,2794,245896,0,0,245896,,,,,,2146276,,2146276,,,,2146276,0,2146276,2472627,,2472627,,,,2472627,0,2472627
2006,130794,Yale University,CT,2,,1,NCAA,2677,2598,5275,7,Football,113,,,,113,0,4808,543335,0,0,543335,,,,,,2565054,,2565054,,,,2565054,0,2565054,2565054,,2565054,,,,2565054,0,2565054
2006,206695,Youngstown State University,OH,2,,1,NCAA,3999,4661,8660,7,Football,91,,,,91,0,4875,443580,0,0,443580,,,,,,1894131,,1894131,,,,1894131,0,1894131,2475981,,2475981,,,,2475981,0,2475981
